id_mutation;date_mutation;surface_reelle_bati;nombre_pieces_principales;longitude;latitude;distance_mer;prix
2014-871332;2014;153;4;6.484708;43.506405;14.5118499;275000
2014-871334;2014;90;4;6.74554;43.461693;3.021008822;370000
2014-871343;2014;46;3;6.836668;43.525037;5.781108757;302500
2014-871344;2014;117;5;6.802083;43.433279;1.338478494;210000
2014-871347;2014;98;4;6.483364;43.509586;14.67362953;280000
2014-871350;2014;84;4;6.78521;43.430638;1.379146897;240000
2014-871362;2014;90;5;6.57458;43.270554;0.859487474;1199204
2014-871363;2014;31;2;6.753651;43.452678;2.37007416;185000
2014-871370;2014;110;3;6.745704;43.461495;3.00634222;445000
2014-871371;2014;73;4;6.567626;43.203705;1.134922978;295000
2014-871375;2014;63;3;6.759949;43.449288;2.158643813;182900
2014-871384;2014;75;3;6.46786;43.31897;6.769336628;210350
2014-871391;2014;100;3;6.649922;43.500233;7.516999528;397000
2014-871396;2014;108;4;6.760437;43.431203;0.948181559;274700
2014-871412;2014;75;4;6.634943;43.317169;0.972564201;455000
2014-871415;2014;37;2;6.607578;43.303659;0.942176789;400000
2014-871416;2014;44;2;6.636887;43.441595;5.693636223;115000
2014-871418;2014;133;5;6.716;43.395221;1.148473122;737500
2014-871420;2014;82;5;6.712726;43.348472;0.139118627;380000
2014-871427;2014;100;3;6.799531;43.421018;0.529669622;250000
2014-871431;2014;54;4;6.810883;43.521646;6.628813728;200000
2014-871432;2014;30;2;6.833809;43.42028;0.22908932;160000
2014-871437;2014;97;4;6.745653;43.435747;1.266261116;185000
2014-871460;2014;110;5;6.810373;43.456218;2.84617256;406000
2014-871467;2014;155;5;6.754767;43.449332;2.139497932;465000
2014-871468;2014;124;4;6.556129;43.474493;10.32257643;405290
2014-871476;2014;23;2;6.579297;43.496148;10.01670737;110000
2014-871479;2014;91;4;6.571792;43.209883;1.549430803;380000
2014-871486;2014;62;3;6.571998;43.254426;1.690194023;227500
2014-871489;2014;73;3;6.537525;43.465417;10.93481847;295200
2014-871492;2014;101;4;6.876894;43.521842;4.143710064;530000
2014-871503;2014;65;3;6.765745;43.432946;1.105985733;310000
2014-871514;2014;32;2;6.833809;43.42028;0.22908932;252000
2014-871551;2014;99;5;6.575023;43.270368;0.843564454;1061963
2014-871565;2014;89;5;6.577425;43.269623;0.757404045;771500
2014-871587;2014;59;3;6.553673;43.473814;10.41368337;229000
2014-871599;2014;76;4;6.541897;43.251616;2.933524183;320000
2014-871603;2014;108;5;6.55053;43.473791;10.55590736;265000
2014-871605;2014;88;4;6.641698;43.441941;5.481600586;365000
2014-871610;2014;173;4;6.649164;43.268785;0.332382561;1600000
2014-871613;2014;98;4;6.585289;43.269605;0.458203432;1100000
2014-871614;2014;80;4;6.570808;43.287665;1.158028466;349500
2014-871615;2014;121;4;6.456917;43.541892;16.89681513;367000
2014-871625;2014;63;3;6.584093;43.303373;1.386138816;900000
2014-871630;2014;33;1;6.641383;43.476723;6.698225435;105000
2014-871641;2014;80;4;6.599438;43.329291;2.644926945;365000
2014-871642;2014;115;5;6.494934;43.520348;14.5029782;334724
2014-871649;2014;90;5;6.687566;43.469478;4.675628306;305000
2014-871655;2014;94;4;6.71969;43.384893;0.776913403;475500
2014-871656;2014;163;5;6.800633;43.446363;2.243861441;590000
2014-871671;2014;36;3;6.833809;43.42028;0.22908932;243000
2014-871672;2014;96;4;6.867288;43.520438;4.399880969;637130
2014-871676;2014;110;5;6.73436;43.432927;1.250563855;225000
2014-871678;2014;90;4;6.777662;43.435698;1.48411066;370000
2014-871693;2014;100;5;6.79414;43.422511;0.758599171;400000
2014-871703;2014;111;3;6.523724;43.239913;3.872315397;478000
2014-871710;2014;81;4;6.554807;43.474914;10.39493479;235000
2014-871712;2014;68;3;6.522191;43.254404;3.722194056;500000
2014-871717;2014;128;6;6.649181;43.32554;1.002728272;600000
2014-871722;2014;108;5;6.541855;43.267188;2.507800911;690000
2014-871723;2014;91;4;6.473973;43.518887;15.38107678;254350
2014-871726;2014;70;3;6.492192;43.280908;4.963511619;310000
2014-871738;2014;89;3;6.801293;43.4306;1.156946793;245500
2014-871739;2014;60;3;6.563774;43.473865;9.959058249;220000
2014-871740;2014;148;6;6.477905;43.535641;15.77261567;336000
2014-871743;2014;198;6;6.792891;43.413988;0.536846847;583950
2014-871747;2014;72;3;6.531904;43.489606;11.87714454;83333
2014-871754;2014;200;5;6.641249;43.444702;5.582291172;395000
2014-871758;2014;89;3;6.485407;43.523832;15.03714389;230000
2014-871759;2014;90;6;6.463263;43.529971;16.21349494;205000
2014-871763;2014;118;6;6.475497;43.535878;15.88440258;42000
2014-871772;2014;83;4;6.639968;43.319281;1.037341526;530000
2014-871782;2014;20;1;6.833809;43.42028;0.22908932;135000
2014-871792;2014;99;4;6.649342;43.498156;7.427240412;73000
2014-871809;2014;50;3;6.641741;43.307602;0.352802751;140000
2014-871812;2014;36;2;6.651218;43.227861;0.756015726;422500
2014-871817;2014;88;4;6.875736;43.521085;4.141648897;395500
2014-871818;2014;92;4;6.648281;43.495998;7.351354511;380000
2014-871838;2014;89;4;6.648881;43.498356;7.452866467;300000
2014-871847;2014;84;4;6.470871;43.31428;6.509307417;290000
2014-871848;2014;88;5;6.570358;43.247071;2.130394416;550000
2014-871855;2014;107;3;6.811276;43.519548;6.488968988;112500
2014-871862;2014;130;5;6.775268;43.420105;0.513952602;540000
2014-871869;2014;62;3;6.573481;43.25566;1.577096599;245000
2014-871878;2014;98;4;6.622282;43.303114;0.574326007;500000
2014-871883;2014;99;4;6.690209;43.460102;4.102935742;384000
2014-871894;2014;89;4;6.483323;43.50914;14.66100039;240000
2014-871904;2014;136;5;6.688292;43.450259;3.718110437;300000
2014-871910;2014;104;4;6.807981;43.432728;1.241879171;310000
2014-871919;2014;105;3;6.722087;43.459768;3.189483957;575000
2014-871929;2014;250;8;6.631551;43.305825;0.369924761;1800000
2014-871946;2014;45;2;6.658639;43.313703;0.163281628;800000
2014-871963;2014;98;5;6.470351;43.524482;15.72087181;269000
2014-871964;2014;180;6;6.454105;43.541564;17.00684906;236500
2014-871966;2014;62;4;6.53958;43.490156;11.55216416;230000
2014-871973;2014;108;3;6.467221;43.524276;15.85286115;305000
2014-871979;2014;127;3;6.527227;43.242586;3.895399804;650000
2014-871985;2014;88;5;6.580421;43.273407;0.520155446;1300000
2014-871989;2014;100;4;6.648687;43.505206;7.821085527;424363
2014-872010;2014;58;3;6.613429;43.304132;0.850428436;80000
2014-872014;2014;83;4;6.756508;43.436461;1.257229703;260000
2014-872019;2014;61;2;6.694869;43.458131;3.843535943;205000
2014-872021;2014;54;3;6.572627;43.285795;1.027202386;265184.15
2014-872022;2014;58;2;6.529746;43.248933;3.550598909;353300
2014-872030;2014;84;4;6.786294;43.420067;0.843544251;365000
2014-872032;2014;45;2;6.469227;43.537586;16.21458476;225000
2014-872038;2014;54;3;6.563789;43.20802;1.458421474;337000
2014-872041;2014;105;4;6.638273;43.32167;1.19992615;625000
2014-872051;2014;100;6;6.76568;43.450286;2.285169611;350000
2014-872064;2014;153;4;6.523588;43.241436;3.972435116;640000
2014-872069;2014;80;4;6.642157;43.498632;7.693277011;400400
2014-872072;2014;63;3;6.641817;43.442261;5.485195296;275000
2014-872077;2014;92;4;6.46703;43.526079;15.9196377;78000
2014-872099;2014;35;1;6.697295;43.537944;8.70277249;185000
2014-872100;2014;116;5;6.647113;43.318564;0.719480091;590000
2014-872105;2014;95;4;6.688898;43.468128;4.561148967;283000
2014-872108;2014;118;2;6.697676;43.537586;8.673619363;165000
2014-872111;2014;54;3;6.572627;43.285795;1.027202386;230184
2014-872114;2014;33;2;6.518627;43.25232;3.943618434;184000
2014-872119;2014;88;4;6.744323;43.464132;3.196509819;365000
2014-872122;2014;47;2;6.592971;43.294312;0.645949528;100000
2014-872132;2014;179;6;6.926844;43.477581;0.196376695;1060000
2014-872138;2014;102;5;6.820859;43.52897;6.58651269;165900
2014-872147;2014;88;4;6.525068;43.237922;3.719350755;326965
2014-872150;2014;64;3;6.570581;43.287681;1.168995926;299500
2014-872157;2014;50;4;6.653426;43.221507;0.608223787;725000
2014-872158;2014;110;5;6.56929;43.287589;1.226940783;453000
2014-872160;2014;87;4;6.557344;43.476257;10.32139663;285000
2014-872162;2014;32;2;6.421113;43.571068;19.48324647;95000
2014-872166;2014;59;3;6.548036;43.209973;1.533442925;408000
2014-872167;2014;69;3;6.716615;43.378655;0.929784372;272500
2014-872175;2014;110;4;6.771246;43.452807;2.505039657;395000
2014-872184;2014;45;2;6.753651;43.452678;2.37007416;154000
2014-872190;2014;137;4;6.469787;43.311547;6.497114709;295000
2014-872203;2014;63;3;6.576612;43.270414;0.768966223;650000
2014-872205;2014;86;5;6.689265;43.451042;3.713456528;276000
2014-872217;2014;71;3;6.809221;43.423279;0.591469555;403500
2014-872221;2014;85;4;6.75879;43.46213;3.034021229;228000
2014-872222;2014;87;4;6.56122;43.475947;10.13803644;260000
2014-872227;2014;112;4;6.686792;43.344356;0.341525178;665000
2014-872242;2014;50;1;6.49206;43.504957;14.13880184;241330
2014-872246;2014;170;5;6.896143;43.438515;0.286303785;1670400
2014-872258;2014;62;3;6.57256;43.254661;1.658767877;240000
2014-872261;2014;90;4;6.642895;43.30748;0.380258712;500000
2014-872263;2014;81;4;6.44701;43.551804;17.67556583;263000
2014-872273;2014;44;1;6.638074;43.44304;5.678612819;58000
2014-872281;2014;89;4;6.549444;43.475233;10.6473396;340000
2014-872289;2014;69;3;6.716615;43.378655;0.929784372;352500
2014-872290;2014;108;5;6.678702;43.421763;3.25891077;578446
2014-872323;2014;90;4;6.763053;43.448431;2.128877225;435000
2014-872325;2014;75;3;6.488064;43.496777;14.06601285;280000
2014-872336;2014;75;3;6.398273;43.532607;19.19498279;175000
2014-872343;2014;103;5;6.45493;43.539122;16.8866085;205999
2014-872358;2014;84;3;6.557315;43.476062;10.31670638;279000
2014-872360;2014;100;3;6.479735;43.50194;14.59661124;194000
2014-872371;2014;65;3;6.766052;43.4316;1.02057273;218000
2014-872378;2014;26;1;6.440762;43.513256;16.69629247;180000
2014-872379;2014;30;1;6.637799;43.442308;5.670905961;90000
2014-872381;2014;48;3;6.679581;43.360123;1.40123533;217000
2014-872382;2014;115;5;6.771213;43.435181;1.343865687;293000
2014-872396;2014;87;5;6.620378;43.461117;7.030771954;163000
2014-872405;2014;40;2;6.704044;43.352355;0.562779971;230000
2014-872406;2014;111;3;6.641452;43.272869;0.380324788;1550000
2014-872407;2014;155;7;6.894749;43.437944;0.340781082;850000
2014-872421;2014;114;4;6.799265;43.428057;0.999280577;450000
2014-872425;2014;62;3;6.573069;43.254582;1.644870876;140000
2014-872430;2014;112;4;6.531256;43.244467;3.654738517;400000
2014-872448;2014;100;5;6.640069;43.273545;0.381592399;2000000
2014-872452;2014;68;3;6.808195;43.432419;1.218934157;265000
2014-872454;2014;95;5;6.583033;43.272351;0.419642648;1200000
2014-872465;2014;84;4;6.634059;43.459273;6.359077448;300000
2014-872467;2014;83;4;6.646319;43.49854;7.547640458;250000
2014-872470;2014;75;4;6.489485;43.498117;14.0415901;220000
2014-872471;2014;80;4;6.572882;43.286984;1.043620946;293100
2014-872486;2014;60;3;6.579266;43.273041;0.582494186;660000
2014-872495;2014;86;3;6.687881;43.45172;3.79691712;240000
2014-872503;2014;30;1;6.623826;43.447579;6.459284834;65000
2014-872508;2014;130;4;6.381922;43.605934;22.46016472;80000
2014-872509;2014;83;4;6.573252;43.286778;1.02099368;415184
2014-872516;2014;61;4;6.57817;43.271651;0.663683713;799000
2014-872518;2014;76;4;6.575177;43.27102;0.820084269;1138741
2014-872520;2014;45;3;6.553538;43.274734;1.860587937;225000
2014-872521;2014;78;4;6.686792;43.451398;3.825860433;230000
2014-872531;2014;90;3;6.468084;43.316486;6.694643191;243000
2014-872550;2014;103;4;6.639666;43.444881;5.659267767;280000
2014-872555;2014;107;4;6.624692;43.30986;0.807798234;400000
2014-872558;2014;85;4;6.646008;43.498863;7.574665733;245000
2014-872567;2014;99;4;6.780534;43.416964;0.681841211;591200
2014-872582;2014;59;3;6.776749;43.422451;0.676026597;90000
2014-872590;2014;59;3;6.486462;43.503287;14.33552745;111000
2014-872592;2014;25;2;6.33535;43.523899;21.04811583;182550
2014-872600;2014;120;4;6.396975;43.533655;19.28532216;145000
2014-872603;2014;73;4;6.732666;43.484797;4.709585931;290000
2014-872613;2014;82;4;6.472377;43.542223;16.24679761;225000
2014-872616;2014;116;4;6.766549;43.447533;2.102715235;380000
2014-872631;2014;120;6;6.472624;43.540675;16.17980331;325000
2014-872643;2014;103;4;6.468664;43.524781;15.80521469;162000
2014-872650;2014;96;4;6.813356;43.52514;6.765254562;100000
2014-872657;2014;62;3;6.702769;43.53616;8.509371695;289000
2014-872660;2014;96;4;6.759776;43.459148;2.833613596;325000
2014-872686;2014;40;3;6.579297;43.496148;10.01670737;155000
2014-872692;2014;92;4;6.845284;43.515573;5.055123313;420000
2014-872698;2014;127;5;6.658681;43.197216;0.279780588;760000
2014-872700;2014;186;7;6.778307;43.42712;0.972947007;482000
2014-872708;2014;81;4;6.571005;43.287692;1.14961758;322540
2014-872711;2014;93;3;6.422489;43.55882;18.9769116;165000
2014-872725;2014;83;4;6.544901;43.34239;4.706846378;310000
2014-872734;2014;89;4;6.632437;43.460578;6.472764552;171000
2014-872754;2014;169;7;6.748411;43.442256;1.671102195;510000
2014-872757;2014;126;7;6.890612;43.432336;0.400149435;730000
2014-872779;2014;55;3;6.472643;43.524693;15.62649109;210000
2014-872788;2014;74;3;6.490915;43.500496;14.04955342;245000
2014-872797;2014;85;4;6.771213;43.435181;1.343865687;261000
2014-872802;2014;80;4;6.771213;43.435181;1.343865687;279000
2014-872808;2014;115;5;6.553089;43.47473;10.46719716;160000
2014-872822;2014;96;4;6.622854;43.304949;0.673168908;740000
2014-872825;2014;86;3;6.643048;43.445703;5.531914253;293000
2014-872828;2014;51;3;6.680046;43.342449;0.239175725;295000
2014-872829;2014;56;3;6.684737;43.341679;0.129645693;300000
2014-872833;2014;95;5;6.759792;43.449062;2.14205461;260000
2014-872838;2014;76;4;6.560631;43.470725;10.00717674;261120
2014-872841;2014;60;3;6.661764;43.203761;0.698951138;564764
2014-872855;2014;100;5;6.743516;43.462892;3.118161659;320000
2014-872859;2014;110;5;6.480957;43.524964;15.26998393;301605.34
2014-872861;2014;100;4;6.710332;43.373479;1.195247518;649000
2014-872881;2014;100;5;6.726009;43.489728;5.116530624;185000
2014-872891;2014;150;5;6.593214;43.285971;0.135880833;1250000
2014-872897;2014;102;3;6.593214;43.285971;0.135880833;770000
2014-872903;2014;79;3;6.46416;43.524905;16.00889657;238000
2014-872912;2014;67;3;6.810353;43.520658;6.578051975;230000
2014-872924;2014;134;5;6.633368;43.460038;6.414114949;403300
2014-872928;2014;58;3;6.634508;43.318176;1.044801755;280000
2014-872939;2014;88;3;6.576902;43.223854;2.531861799;500000
2014-872945;2014;114;5;6.620378;43.461117;7.030771954;165000
2014-872949;2014;35;3;6.618604;43.26167;0.440746419;450000
2014-872953;2014;125;4;6.487615;43.495241;14.04145151;111581
2014-872957;2014;75;4;6.736926;43.44214;1.790291958;295000
2014-872965;2014;105;4;6.779861;43.436563;1.581556664;350000
2014-872967;2014;100;5;6.634564;43.43939;5.745018027;290000
2014-872971;2014;88;5;6.582858;43.273776;0.39492384;825472
2014-872974;2014;60;1;6.808487;43.418731;0.324481026;256845
2014-872981;2014;130;4;6.717444;43.397608;1.192254122;500000
2014-872984;2014;105;5;6.869633;43.52273;4.431011927;401300
2014-873000;2014;99;4;6.87516;43.520127;4.111211274;100000
2014-873031;2014;97;6;6.691546;43.454197;3.769294;240000
2014-873042;2014;96;3;6.65808;43.318618;0.494716432;515000
2014-873044;2014;99;3;6.485957;43.524795;15.04577538;295000
2014-873065;2014;83;4;6.499986;43.531063;14.66535539;230000
2014-873071;2014;102;5;6.809746;43.423899;0.626327674;440000
2014-873089;2014;90;5;6.641339;43.496082;7.594000356;330000
2014-873097;2014;150;3;6.806191;43.449416;2.395225042;700000
2014-873110;2014;34;3;6.5469;43.341999;4.630144663;160000
2014-873111;2014;100;3;6.77504;43.422317;0.610257019;440000
2014-873117;2014;86;3;6.455764;43.544795;17.04913377;210000
2014-873136;2014;159;4;6.767539;43.451926;2.410330408;605780
2014-873144;2014;14;1;6.485228;43.489447;13.98797637;20000
2014-873154;2014;200;4;6.536243;43.251617;3.174688313;200000
2014-873157;2014;67;3;6.584093;43.303373;1.386138816;1050000
2014-873165;2014;69;3;6.533181;43.493197;11.93256436;182500
2014-873182;2014;121;5;6.800557;43.45311;2.697036706;695000
2014-873183;2014;129;4;6.780316;43.423003;0.836858543;1400000
2014-873198;2014;68;3;6.637837;43.444769;5.738972455;180000
2014-873207;2014;72;3;6.657245;43.31624;0.330187847;430000
2014-873213;2014;71;4;6.686779;43.458558;4.149780231;274500
2014-873243;2014;62;2;6.560873;43.200946;0.976753079;1125000
2014-873252;2014;95;3;6.767064;43.44754;2.107268513;380000
2014-873256;2014;60;3;6.732666;43.484797;4.709585931;215000
2014-873257;2014;78;4;6.68526;43.456971;4.131780834;270000
2014-873264;2014;45;1;6.756077;43.448854;2.109158644;130000
2014-873290;2014;100;6;6.529016;43.247674;3.626910399;285000
2014-873291;2014;90;5;6.468382;43.530862;16.01882518;190500
2014-873301;2014;100;4;6.5425;43.267066;2.477985708;561900
2014-873303;2014;100;5;6.484571;43.50623;14.51239715;270000
2014-873307;2014;139;4;6.793068;43.419942;0.671303371;580000
2014-873332;2014;79;3;6.64108;43.44402;5.569671954;250000
2014-873336;2014;62;3;6.570013;43.254907;1.731856806;200000
2014-873346;2014;94;4;6.534409;43.492915;11.86869385;270000
2014-873347;2014;165;4;6.546919;43.341088;4.576368542;310000
2014-873353;2014;93;4;6.522786;43.25341;3.72162775;342500
2014-873359;2014;71;3;6.724359;43.434826;1.656494295;100000
2014-873369;2014;150;5;6.79487;43.419959;0.603570282;659000
2014-873378;2014;109;5;6.472377;43.542223;16.24679761;280000
2014-873381;2014;110;5;6.718533;43.386554;0.831563326;424100
2014-873390;2014;70;3;6.815811;43.525871;6.685120649;238000
2014-873395;2014;63;3;6.606174;43.305583;1.092060083;310000
2014-873401;2014;105;5;6.808586;43.456454;2.867250662;625000
2014-873404;2014;69;4;6.380261;43.606842;22.5642647;200000
2014-873412;2014;90;3;6.534388;43.249404;3.334065867;500000
2014-873413;2014;90;4;6.792037;43.425226;0.971663197;315000
2014-873414;2014;104;4;6.560251;43.471996;10.06170309;268000
2014-873418;2014;86;4;6.78521;43.430638;1.379146897;327880
2014-873428;2014;61;3;6.57327;43.49924;10.38647421;141500
2014-873431;2014;48;4;6.481201;43.159502;0.297377279;365000
2014-873432;2014;67;3;6.472377;43.542223;16.24679761;210000
2014-873447;2014;84;4;6.677481;43.421288;3.310026736;308229.67
2014-873455;2014;93;3;6.648193;43.501968;7.664510799;400000
2014-873458;2014;70;3;6.535653;43.4936;11.83368206;214000
2014-873479;2014;91;5;6.459634;43.526345;16.25599278;150000
2014-873482;2014;130;5;6.80912;43.425107;0.714810802;507500
2014-873483;2014;77;4;6.580039;43.270697;0.606373223;1080000
2014-873488;2014;180;7;6.648596;43.30875;0.489460268;1525000
2014-873490;2014;246;7;6.590228;43.306328;1.487307577;2400000
2014-873502;2014;40;3;6.567626;43.245574;2.296024772;282000
2014-873505;2014;54;3;6.637797;43.483148;7.116592544;280000
2014-873512;2014;73;5;6.436336;43.536603;17.61900787;200000
2014-873517;2014;70;3;6.743592;43.439998;1.577689844;243060
2014-873519;2014;21;1;6.611746;43.439788;6.834948456;112000
2014-873529;2014;54;3;6.684459;43.345576;0.385449382;550000
2014-873530;2014;117;4;6.532624;43.251136;3.348945298;140000
2014-873531;2014;65;4;6.633115;43.460138;6.42856273;310000
2014-873534;2014;93;4;6.790444;43.423433;0.930232823;530000
2014-873546;2014;82;4;6.753955;43.461334;2.968298203;301000
2014-873553;2014;107;4;6.494052;43.502637;13.97620498;326000
2014-873556;2014;123;1;6.868367;43.532169;4.966823796;125020
2014-873558;2014;105;5;6.465607;43.544035;16.60089742;255000
2014-873559;2014;80;3;6.473542;43.521432;15.48106794;225000
2014-873560;2014;72;3;6.786994;43.426513;1.203448698;286000
2014-873563;2014;115;5;6.785277;43.434615;1.59785299;572000
2014-873567;2014;66;3;6.832287;43.419547;0.183457732;200000
2014-873569;2014;60;3;6.697152;43.538015;8.709521996;80000
2014-873570;2014;36;1;6.697152;43.538015;8.709521996;32000
2014-873578;2014;90;4;6.467827;43.531986;16.08113809;262000
2014-873583;2014;96;4;6.749169;43.462035;3.025299754;460000
2014-873584;2014;116;5;6.611602;43.214308;2.295824415;975000
2014-873595;2014;89;4;6.499232;43.492262;13.42656543;330000
2014-873598;2014;140;5;6.645197;43.268508;0.468778436;2650000
2014-873616;2014;115;5;6.520204;43.252952;3.85342109;383000
2014-873617;2014;130;5;6.767573;43.448812;2.198195208;544000
2014-873624;2014;89;4;6.478032;43.51776;15.16452608;194000
2014-873661;2014;116;6;6.493816;43.509397;14.19765054;285000
2014-873662;2014;93;4;6.460418;43.531495;16.38908881;91800
2014-873667;2014;142;6;6.788188;43.438705;1.877723235;488000
2014-873670;2014;124;5;6.482018;43.500605;14.45344161;75390
2014-873673;2014;95;3;6.378031;43.60513;22.58734419;240590
2014-873675;2014;108;4;6.752681;43.454522;2.498038684;449000
2014-873687;2014;127;4;6.63091;43.319573;1.181684595;590000
2014-873693;2014;70;2;6.656469;43.321895;0.680146464;300000
2014-873699;2014;40;3;6.567626;43.245574;2.296024772;231950
2014-873700;2014;110;4;6.752266;43.457355;2.694261874;486500
2014-873701;2014;80;4;6.519291;43.253639;3.877281145;390000
2014-873708;2014;135;4;6.716341;43.392313;1.035522149;720000
2014-873709;2014;82;4;6.603946;43.3318;2.611710225;330000
2014-873714;2014;75;3;6.638294;43.444001;5.695880995;153700
2014-873719;2014;65;3;6.787471;43.426096;1.166081248;412000
2014-873722;2014;59;3;6.688414;43.45029;3.714594175;250000
2014-873751;2014;135;3;6.458692;43.537213;16.65750456;182000
2014-873760;2014;104;5;6.734716;43.432978;1.244821742;260000
2014-873764;2014;92;4;6.786701;43.437915;1.827210302;335000
2014-873782;2014;120;3;6.69247;43.343788;0.521098692;1079000
2014-873783;2014;100;4;6.554842;43.46826;10.20256232;242900
2014-873785;2014;66;4;6.54012;43.252948;2.959988201;310000
2014-873789;2014;67;3;6.454806;43.545052;17.09941239;180000
2014-873794;2014;110;4;6.712272;43.348716;0.167169489;355000
2014-873797;2014;190;4;6.639575;43.272933;0.429906577;2150000
2014-873809;2014;95;5;6.57973;43.27257;0.568728174;1025000
2014-873818;2014;195;6;6.712219;43.408625;1.468035232;476400
2014-873827;2014;35;3;6.5469;43.341999;4.630144663;150000
2014-873841;2014;30;2;6.579297;43.496148;10.01670737;110500
2014-873855;2014;100;4;6.638487;43.444297;5.69564706;138000
2014-873859;2014;171;5;6.652545;43.322907;0.830100505;860000
2014-873860;2014;184;5;6.625561;43.303177;0.511385699;2473000
2014-873890;2014;70;3;6.677394;43.340018;0.305370569;400000
2014-873893;2014;224;5;6.540452;43.48554;11.36718769;415000
2014-873905;2014;88;4;6.753351;43.454748;2.513189814;155000
2014-873906;2014;80;5;6.755996;43.45698;2.669847077;451000
2014-873907;2014;53;3;6.791073;43.44733;2.391307746;270000
2014-873911;2014;120;5;6.802776;43.420317;0.442441916;577000
2014-873913;2014;88;5;6.74392;43.463888;3.182889867;194600
2014-873914;2014;110;5;6.651462;43.499527;7.429903791;190000
2014-873916;2014;86;4;6.794586;43.420384;0.634241104;407000
2014-873929;2014;92;4;6.758052;43.452723;2.383177053;335000
2014-873934;2014;100;5;6.454762;43.542984;17.02814407;260000
2014-873937;2014;111;3;6.473099;43.526634;15.67044627;265000
2014-873940;2014;78;4;6.645543;43.324032;1.058474358;247000
2014-873946;2014;90;5;6.810745;43.416111;0.114918802;400000
2014-873948;2014;90;5;6.753998;43.456127;2.60846712;325000
2014-873955;2014;99;3;6.553174;43.478609;10.58114218;278030
2014-873959;2014;84;4;6.521593;43.248501;3.923448394;331000
2014-873961;2014;85;3;6.523314;43.24991;3.801606948;290000
2014-873965;2014;82;4;6.606732;43.190596;0.789279208;265416.66
2014-873966;2014;98;5;6.572772;43.367692;5.529381967;535000
2014-873967;2014;75;3;6.606732;43.190596;0.789279208;585000
2014-873972;2014;130;6;6.546983;43.349474;5.073565029;477360
2014-873980;2014;72;3;6.800029;43.428964;1.053383733;170000
2014-873987;2014;90;4;6.46689;43.209236;3.486308861;318000
2014-873988;2014;47;2;6.599571;43.260697;0.791738372;200000
2014-874000;2014;99;5;6.721672;43.456846;3.013119493;180040
2014-874001;2014;86;3;6.350838;43.557476;22.09088487;710000
2014-874012;2014;84;3;6.604679;43.253537;1.085310297;635000
2014-874016;2014;88;4;6.38768;43.60365;22.13386734;218000
2014-874022;2014;139;7;6.867043;43.521694;4.469689938;480000
2014-874024;2014;115;5;6.477974;43.528267;15.51208325;320500
2014-874059;2014;64;4;6.468456;43.315026;6.641109482;187325
2014-874071;2014;66;3;6.691164;43.468391;4.503835907;257000
2014-874072;2014;41;2;6.854357;43.430788;0.456912549;134490
2014-874076;2014;94;5;6.646101;43.498823;7.56949472;259000
2014-874085;2014;140;8;6.579644;43.272768;0.568937864;1700000
2014-874092;2014;143;6;6.646277;43.503443;7.80436657;453000
2014-874093;2014;71;3;6.641808;43.497535;7.65010152;305400
2014-874095;2014;98;4;6.556626;43.471516;10.21244412;223000
2014-874104;2014;53;2;6.661938;43.319701;0.533069187;355000
2014-874105;2014;37;2;6.698462;43.537677;8.668545901;92000
2014-874124;2014;92;4;6.470428;43.527405;15.81342186;220000
2014-874129;2014;93;4;6.761225;43.461216;2.984058028;331500
2014-874152;2014;99;4;6.560028;43.471818;10.0665672;271030
2014-874161;2014;93;5;6.529016;43.247674;3.626910399;330000
2014-874165;2014;89;4;6.648342;43.503932;7.763882201;405000
2014-874167;2014;120;4;6.467533;43.317905;6.756591739;210000
2014-874172;2014;90;3;6.741038;43.422922;0.487193342;360000
2014-874187;2014;43;2;6.641778;43.439367;5.407916417;200000
2014-874188;2014;125;5;6.805777;43.428682;1.000219835;510000
2014-874212;2014;142;4;6.813916;43.449916;2.409623058;598000
2014-874223;2014;95;4;6.562804;43.203519;1.15797367;490000
2014-874227;2014;86;4;6.638731;43.315737;0.861972574;429700
2014-874232;2014;50;4;6.547798;43.342066;4.610327906;180000
2014-874243;2014;75;3;6.489485;43.498117;14.0415901;285000
2014-874248;2014;92;5;6.762192;43.454815;2.55350507;404000
2014-874267;2014;90;4;6.483726;43.534075;15.46716717;316800
2014-874276;2014;70;2;6.767878;43.462446;3.127040195;284000
2014-874277;2014;182;5;6.652545;43.322907;0.830100505;1145000
2014-874280;2014;31;1;6.767947;43.462379;3.123321791;204300
2014-874285;2014;82;4;6.498319;43.528405;14.63899092;231000
2014-874292;2014;77;4;6.554498;43.477692;10.49337658;253000
2014-874319;2014;100;3;6.778295;43.423582;0.786147368;570000
2014-874324;2014;77;3;6.86754;43.522469;4.490362552;320000
2014-874325;2014;69;3;6.631238;43.325195;1.552744008;290000
2014-874326;2014;280;8;6.78835;43.409179;0.146740367;4800000
2014-874330;2014;100;3;6.45317;43.538548;16.94356192;279000
2014-874337;2014;92;5;6.755529;43.454488;2.496832368;307200
2014-874353;2014;94;4;6.542387;43.267461;2.477611718;500000
2014-874357;2014;91;3;6.712436;43.532766;8.167249246;290000
2014-874358;2014;73;3;6.754634;43.43598;1.216994746;377000
2014-874364;2014;64;3;6.568992;43.287573;1.240547685;305185
2014-874365;2014;154;3;6.563814;43.244306;2.48494589;380000
2014-874378;2014;50;2;6.506857;43.367365;7.22519455;80000
2014-874381;2014;52;3;6.631238;43.325195;1.552744008;210000
2014-874394;2014;90;3;6.415929;43.567318;19.56337819;215000
2014-874407;2014;139;5;6.738491;43.432594;1.139643212;300000
2014-874414;2014;90;4;6.4649;43.545504;16.68458401;202000
2014-874417;2014;86;4;6.78521;43.430638;1.379146897;322000
2014-874418;2014;121;6;6.693215;43.455013;3.747170336;265000
2014-874420;2014;90;4;6.791878;43.425217;0.975948808;343000
2014-874456;2014;49;2;6.573138;43.254265;1.658407994;145000
2014-874469;2014;90;4;6.649667;43.268564;0.336445535;1610000
2014-874472;2014;110;6;6.473728;43.157829;0.124916013;755000
2014-874473;2014;106;4;6.454601;43.546544;17.16152033;290000
2014-874474;2014;93;4;6.525031;43.246443;3.84256465;208000
2014-874476;2014;98;5;6.645381;43.265991;0.595453023;1850000
2014-874478;2014;99;3;6.638108;43.270321;0.38406023;3550000
2014-874483;2014;110;4;6.808969;43.446763;2.197958014;559000
2014-874490;2014;40;3;6.53239;43.489045;11.83758338;270000
2014-874493;2014;54;3;6.637797;43.483148;7.116592544;260000
2014-874495;2014;85;4;6.634478;43.321095;1.244309576;495000
2014-874499;2014;130;4;6.583185;43.471787;9.028508587;270000
2014-874500;2014;139;5;6.54561;43.339364;4.512642311;660000
2014-874501;2014;103;4;6.55525;43.480908;10.56128381;220000
2014-874502;2014;62;3;6.571636;43.254517;1.698645152;310000
2014-874507;2014;90;3;6.853616;43.434267;0.600865707;195000
2014-874509;2014;100;4;6.650911;43.320303;0.696654647;580000
2014-874512;2014;74;4;6.564714;43.209308;1.542247313;600000
2014-874516;2014;46;3;6.524352;43.252835;3.666055565;180000
2014-874524;2014;83;5;6.579537;43.270149;0.647378261;922500
2014-874537;2014;102;4;6.485182;43.541002;15.66050955;250000
2014-874538;2014;70;3;6.75879;43.46213;3.034021229;212500
2014-874542;2014;106;5;6.717611;43.396079;1.11765246;400000
2014-874547;2014;69;3;6.482965;43.508621;14.66013634;250000
2014-874548;2014;120;4;6.519752;43.27384;3.561423832;687900
2014-874555;2014;82;4;6.483021;43.535188;15.53744198;225600
2014-874558;2014;82;4;6.570161;43.248402;2.06350591;555000
2014-874560;2014;128;3;6.566959;43.244813;2.35815803;300000
2014-874565;2014;73;4;6.590501;43.467601;8.568567862;70000
2014-874567;2014;105;5;6.503053;43.530337;14.50874623;258000
2014-874572;2014;87;4;6.477113;43.524824;15.43394809;243600
2014-874576;2014;140;6;6.498718;43.529325;14.65538342;392250
2014-874577;2014;133;4;6.748569;43.441072;1.589067502;585000
2014-874588;2014;69;3;6.727232;43.386569;0.395550819;405000
2014-874604;2014;110;4;6.801277;43.444756;2.128211309;420000
2014-874609;2014;135;5;6.783626;43.437184;1.704555736;410000
2014-874615;2014;107;5;6.754893;43.455069;2.536008143;410000
2014-874620;2014;77;3;6.546255;43.209587;1.524234224;472000
2014-874621;2014;83;4;6.528599;43.241624;3.87837236;355000
2014-874624;2014;69;2;6.815064;43.525244;6.695054155;105000
2014-874628;2014;86;4;6.604201;43.332068;2.61736798;376000
2014-874632;2014;40;2;6.57254;43.260606;1.346269081;270000
2014-874635;2014;95;4;6.822167;43.529094;6.536971609;320000
2014-874642;2014;75;4;6.57544;43.272023;0.786521176;1029614
2014-874645;2014;175;5;6.774298;43.457545;2.859286336;760000
2014-874654;2014;85;4;6.489485;43.498117;14.0415901;300000
2014-874664;2014;71;3;6.692053;43.454059;3.744135367;230000
2014-874670;2014;83;4;6.756508;43.436461;1.257229703;225000
2014-874678;2014;153;4;6.44461;43.538149;17.30461861;324000
2014-874682;2014;82;3;6.464599;43.528564;16.10824677;265000
2014-874685;2014;95;4;6.76716;43.464103;3.230936078;300000
2014-874687;2014;89;5;6.575996;43.270464;0.795888002;750000
2014-874691;2014;89;5;6.578142;43.273259;0.634497444;875000
2014-874694;2014;108;4;6.557019;43.476109;10.33144931;355000
2014-874695;2014;96;4;6.413947;43.565301;19.57472148;245000
2014-874696;2014;30;2;6.579297;43.496148;10.01670737;95000
2014-874701;2014;55;3;6.572627;43.285795;1.027202386;232000
2014-874703;2014;99;4;6.49798;43.487972;13.36093882;300000
2014-874708;2014;67;3;6.475687;43.540131;16.02959094;188000
2014-874717;2014;57;2;6.597171;43.193834;0.724790714;382000
2014-874719;2014;32;2;6.679424;43.360673;1.439975707;131000
2014-874722;2014;96;4;6.525031;43.246443;3.84256465;195000
2014-874733;2014;115;5;6.450161;43.534644;16.94444964;335000
2014-874737;2014;62;3;6.570454;43.254228;1.755217354;230900
2014-874738;2014;70;3;6.754634;43.43598;1.216994746;236000
2014-874739;2014;100;5;6.767421;43.451449;2.376848341;430000
2014-874745;2014;180;6;6.519425;43.241384;4.051727629;1080000
2014-874758;2014;55;3;6.753651;43.452678;2.37007416;240800
2014-874761;2014;90;4;6.484004;43.535246;15.49759832;282000
2014-874764;2014;56;3;6.674855;43.417021;3.381088877;255510
2014-874770;2014;190;5;6.772369;43.432702;1.208237633;420000
2014-874772;2014;51;3;6.603118;43.467819;8.011698328;230000
2014-874778;2014;102;5;6.455276;43.533448;16.67988008;270000
2014-874780;2014;69;3;6.737264;43.432779;1.175238688;208012
2014-874783;2014;30;2;6.617796;43.261324;0.447021114;249800
2014-874785;2014;65;3;6.56675;43.474219;9.836678796;119500
2014-874786;2014;130;6;6.792298;43.446587;2.326071241;875000
2014-874790;2014;96;5;6.648883;43.310807;0.439910804;1119000
2014-874792;2014;84;5;6.554752;43.474446;10.38345607;232500
2014-874795;2014;83;3;6.673845;43.344235;0.563767158;440000
2014-874797;2014;62;3;6.711294;43.402672;1.587122927;260000
2014-874810;2014;68;3;6.472377;43.542223;16.24679761;180000
2014-874818;2014;52;1;6.384749;43.527876;19.66793546;250000
2014-874820;2014;125;4;6.496365;43.500913;13.81862761;280000
2014-874831;2014;91;4;6.631238;43.325195;1.552744008;410000
2014-874836;2014;58;4;6.687269;43.257637;0.273938035;850000
2014-874841;2014;68;3;6.589645;43.467482;8.602737871;190000
2014-874860;2014;146;7;6.785957;43.423838;1.104065709;450000
2014-874863;2014;60;3;6.768079;43.427865;0.820910247;225000
2014-874872;2014;86;4;6.778357;43.446812;2.223968255;534000
2014-874873;2014;56;3;6.510185;43.524467;13.99016079;140000
2014-874878;2014;72;3;6.555513;43.208321;1.405927255;373000
2014-874891;2014;68;3;6.809789;43.418681;0.28520003;320000
2014-874902;2014;109;5;6.472377;43.542223;16.24679761;293000
2014-874904;2014;66;3;6.661699;43.322117;0.435877217;322835
2014-874906;2014;62;3;6.753651;43.452678;2.37007416;285000
2014-874909;2014;88;4;6.467302;43.5261;15.90830006;310000
2014-874930;2014;140;4;6.748907;43.441068;1.58612976;610000
2014-874933;2014;75;3;6.573287;43.499656;10.40144793;190000
2014-874947;2014;97;5;6.483098;43.524319;15.15456742;230000
2014-874952;2014;78;3;6.86761;43.520527;4.392679732;326000
2014-874961;2014;120;4;6.786809;43.410302;0.172791909;1400000
2014-874969;2014;82;4;6.467123;43.545341;16.58425001;190000
2014-874989;2014;73;4;6.480197;43.501009;14.54781018;240000
2014-874995;2014;120;4;6.696927;43.538342;8.734401741;135000
2014-875001;2014;82;4;6.649696;43.504744;7.764459424;436000
2014-875004;2014;20;1;6.463069;43.54078;16.59260225;70000
2014-875006;2014;86;3;6.602753;43.25451;1.077723979;860000
2014-875011;2014;110;3;6.764467;43.449847;2.240468756;395000
2014-875013;2014;90;3;6.501042;43.531258;14.62792334;260000
2014-875020;2014;69;3;6.810281;43.520367;6.561385142;265000
2014-875021;2014;104;4;6.54909;43.335984;4.221221196;609000
2014-875024;2014;73;4;6.877223;43.435483;0.41528048;553000
2014-875033;2014;110;4;6.764265;43.433798;1.147528388;330000
2014-875036;2014;90;6;6.483123;43.54412;15.86488324;240890
2014-875037;2014;140;4;6.793528;43.418803;0.606401012;605000
2014-875050;2014;62;3;6.631238;43.325195;1.552744008;230000
2014-875055;2014;34;2;6.53888;43.259837;2.802575759;197515
2014-875058;2014;61;3;6.6024;43.193574;0.801680058;555000
2014-875065;2014;204;5;6.653411;43.223369;0.662903937;2830000
2014-875067;2014;90;3;6.710572;43.360428;0.919262242;560000
2014-875069;2014;109;4;6.53888;43.259837;2.802575759;355000
2014-875079;2014;92;3;6.471655;43.521945;15.5812925;195000
2014-875081;2014;140;5;6.537976;43.493215;11.71757271;327050
2014-875086;2014;89;5;6.749416;43.446879;1.981054774;309890
2014-875094;2014;50;3;6.774153;43.426393;0.823287139;210000
2014-875099;2014;184;6;6.793051;43.461586;3.334757886;400000
2014-875102;2014;92;3;6.721622;43.388084;0.690092355;379000
2014-875111;2014;85;3;6.403275;43.532568;18.96917779;210000
2014-875113;2014;98;4;6.468374;43.207655;3.376414692;386500
2014-875119;2014;91;4;6.499737;43.521824;14.34464016;300000
2014-875130;2014;32;2;6.579297;43.496148;10.01670737;126000
2014-875131;2014;110;5;6.75898;43.450276;2.219901632;268000
2014-875138;2014;173;8;6.861133;43.434441;0.226447233;1400000
2014-875155;2014;70;3;6.716203;43.356959;0.651711016;315000
2014-875164;2014;97;4;6.774962;43.426756;0.863829838;178600
2014-875167;2014;118;4;6.789718;43.419667;0.800678298;425000
2014-875168;2014;56;3;6.556173;43.478344;10.43870367;195000
2014-875185;2014;151;6;6.470119;43.308314;6.412661234;800000
2014-875189;2014;115;4;6.541334;43.266267;2.547804776;68000
2014-875202;2014;103;3;6.821923;43.529092;6.547010237;350000
2014-875205;2014;74;4;6.453997;43.537984;16.88830222;200000
2014-875206;2014;66;3;6.832287;43.419547;0.183457732;435000
2014-875212;2014;120;5;6.525394;43.27179;3.28430372;310000
2014-875213;2014;94;4;6.792769;43.418075;0.613493935;426200
2014-875216;2014;40;3;6.525793;43.245138;3.857301322;185000
2014-875235;2014;134;5;6.666109;43.208429;0.47834773;1900000
2014-875242;2014;136;5;6.785466;43.434713;1.60883783;440000
2014-875248;2014;102;4;6.550006;43.337226;4.267902408;500000
2014-875253;2014;24;2;6.718493;43.374713;0.792996199;160000
2014-875274;2014;75;4;6.72533;43.43824;1.807075116;121500
2014-875278;2014;95;4;6.541913;43.266419;2.517006775;425000
2014-875309;2014;111;5;6.670013;43.419163;3.645364175;422000
2014-875315;2014;62;3;6.58543;43.225982;2.758753044;250000
2014-875329;2014;71;3;6.451589;43.541972;17.12998008;255000
2014-875330;2014;74;3;6.644442;43.266355;0.60355025;1235000
2014-875336;2014;110;5;6.782303;43.433821;1.470307463;417000
2014-875342;2014;140;4;6.389366;43.515028;18.96427772;367587
2014-875359;2014;111;5;6.535434;43.493439;11.83857635;205000
2014-875368;2014;187;4;6.467083;43.318095;6.782490475;620000
2014-875379;2014;72;4;6.521049;43.25493;3.761753438;283000
2014-875388;2014;86;4;6.800305;43.430968;1.188106144;355000
2014-875390;2014;89;4;6.4885;43.495169;13.99910503;225000
2014-875391;2014;80;3;6.491898;43.501896;14.04898607;233000
2014-875410;2014;57;3;6.562108;43.208591;1.49249597;300000
2014-875413;2014;90;4;6.809659;43.455774;2.817111246;340000
2014-875416;2014;131;4;6.74879;43.441809;1.637637561;440200
2014-875420;2014;78;4;6.653399;43.49992;7.388710987;160000
2014-875428;2014;147;6;6.465607;43.544035;16.60089742;250000
2014-875433;2014;82;4;6.65808;43.318618;0.494716432;560000
2014-875439;2014;53;2;6.549272;43.474706;10.63973654;149000
2014-875455;2014;110;4;6.725349;43.458919;3.074469251;428000
2014-875459;2014;140;4;6.514224;43.483823;12.50022245;315000
2014-875463;2014;96;4;6.446117;43.540793;17.3274924;272000
2014-875469;2014;44;2;6.637797;43.483148;7.116592544;270000
2014-875470;2014;150;5;6.662558;43.335974;0.652171494;1570000
2014-875478;2014;53;2;6.618059;43.455737;6.963778863;290000
2014-875484;2014;53;3;6.791073;43.44733;2.391307746;272200
2014-875488;2014;24;2;6.718493;43.374713;0.792996199;150000
2014-875499;2014;65;3;6.467775;43.317448;6.733521263;130000
2014-875502;2014;97;5;6.780981;43.450151;2.484555842;453435
2014-875513;2014;50;2;6.658018;43.314757;0.228306786;3430000
2014-875515;2014;90;4;6.87523;43.520376;4.121682545;395000
2014-875516;2014;130;5;6.732666;43.484797;4.709585931;500000
2014-875521;2014;49;2;6.674855;43.417021;3.381088877;216000
2014-875526;2014;76;3;6.631238;43.325195;1.552744008;385000
2014-875527;2014;85;4;6.67526;43.541795;9.324955254;120000
2014-875530;2014;90;4;6.518339;43.249261;4.045525537;455000
2014-875538;2014;112;6;6.713787;43.395794;1.263329987;450000
2014-875543;2014;95;5;6.48164;43.529563;15.39739312;232000
2014-875548;2014;81;3;6.569222;43.213624;1.809733465;510000
2014-875549;2014;82;4;6.467123;43.545341;16.58425001;220000
2014-875553;2014;41;3;6.617796;43.261324;0.447021114;457430
2014-875555;2014;126;5;6.658681;43.197216;0.279780588;768585
2014-875556;2014;94;4;6.563532;43.205143;1.262799347;420000
2014-875558;2014;67;3;6.605694;43.192818;0.856788176;469400
2014-875570;2014;80;3;6.487052;43.525414;15.0192384;220000
2014-875575;2014;45;2;6.531874;43.25231;3.342931885;200000
2014-875583;2014;105;5;6.470331;43.526396;15.78434544;420000
2014-875595;2014;96;5;6.467123;43.545341;16.58425001;238000
2014-875597;2014;110;5;6.761166;43.449615;2.190610766;350000
2014-875599;2014;72;3;6.650643;43.503178;7.65048002;175000
2014-875622;2014;46;1;6.761591;43.449705;2.200473794;163000
2014-875634;2014;91;4;6.489107;43.504164;14.24488552;250000
2014-875646;2014;81;4;6.766748;43.450167;2.284221866;290000
2014-875660;2014;140;6;6.467097;43.541445;16.44360491;260000
2014-875661;2014;92;4;6.645849;43.500814;7.680796393;395000
2014-875662;2014;66;5;6.770929;43.431098;1.085183173;197000
2014-875672;2014;121;6;6.785842;43.428641;1.301511946;341000
2014-875680;2014;87;6;6.745395;43.426297;0.629490411;390650
2014-875681;2014;100;5;6.876149;43.520844;4.115498644;386000
2014-875685;2014;75;4;6.737344;43.442062;1.779407432;242000
2014-875688;2014;101;4;6.721461;43.390579;0.751851665;465000
2014-875695;2014;145;5;6.463709;43.546559;16.77383648;448000
2014-875699;2014;107;5;6.485201;43.531788;15.32208683;252000
2014-875700;2014;65;3;6.634454;43.441191;5.795811348;213750
2014-875703;2014;90;5;6.786228;43.437029;1.762894589;230212
2014-875704;2014;126;6;6.563084;43.471745;9.925946717;320000
2014-875710;2014;53;3;6.723825;43.383795;0.586269422;450000
2014-875713;2014;160;8;6.636609;43.263618;0.551262801;2495000
2014-875714;2014;70;3;6.636609;43.263618;0.551262801;1055000
2014-875715;2014;93;5;6.725099;43.382753;0.529139041;559050
2014-875717;2014;78;3;6.581716;43.474063;9.16621967;260000
2014-875745;2014;223;6;6.632896;43.257329;0.860772787;2692000
2014-875747;2014;145;7;6.795866;43.417896;0.474144064;470000
2014-875748;2014;105;5;6.788054;43.437215;1.787307044;278000
2014-875754;2014;69;3;6.634328;43.458858;6.334016589;275000
2014-875764;2014;55;3;6.572627;43.285795;1.027202386;245184.15
2014-875773;2014;41;2;6.732666;43.484797;4.709585931;155000
2014-875774;2014;125;4;6.704183;43.37116;1.476493422;740000
2014-875776;2014;150;5;6.746214;43.464177;3.18700361;430000
2014-875779;2014;87;5;6.751809;43.437163;1.301352332;311000
2014-875788;2014;86;4;6.701595;43.455734;3.495620584;315000
2014-875794;2014;145;7;6.795866;43.417896;0.474144064;360000
2014-875809;2014;24;2;6.679375;43.361022;1.464200734;124500
2014-875810;2014;70;3;6.683919;43.455669;4.123829873;105000
2014-875813;2014;190;6;6.685453;43.467725;4.6522282;340000
2014-875822;2014;118;5;6.533198;43.252884;3.265466503;330000
2014-875846;2014;147;4;6.49178;43.514716;14.45607473;130000
2014-875847;2014;74;4;6.874535;43.520856;4.169625662;412000
2014-875868;2014;44;3;6.5469;43.341999;4.630144663;216300
2014-875875;2014;26;2;6.525793;43.245138;3.857301322;132200
2014-875879;2014;110;4;6.672259;43.344215;0.632856518;56000
2014-875880;2014;62;3;6.572157;43.253883;1.711508937;252500
2014-875884;2014;52;3;6.610953;43.296215;0.403399628;160000
2014-875889;2014;82;4;6.529553;43.252488;3.440888687;373000
2014-875892;2014;155;7;6.622824;43.30063;0.419488947;1025000
2014-875904;2014;70;3;6.54697;43.477246;10.81900741;212500
2014-875911;2014;89;4;6.489485;43.498117;14.0415901;260000
2014-875918;2014;51;2;6.732666;43.484797;4.709585931;245000
2014-875929;2014;85;3;6.768231;43.425374;0.674716505;180000
2014-875931;2014;107;5;6.643797;43.503528;7.889745479;343000
2014-875944;2014;30;2;6.579297;43.496148;10.01670737;90000
2014-875956;2014;75;4;6.737697;43.442606;1.811123629;230000
2014-875971;2014;78;4;6.619995;43.32756;1.907344108;227900
2014-875973;2014;150;4;6.60236;43.329256;2.537422126;715000
2014-875981;2014;82;4;6.468134;43.205744;3.244342918;279000
2014-875982;2014;44;2;6.563789;43.20802;1.458421474;304000
2014-875986;2014;61;3;6.602233;43.193128;0.770842183;585000
2014-875994;2014;46;3;6.523998;43.252984;3.677960908;195000
2014-875997;2014;101;5;6.466055;43.525232;15.93534231;349884
2014-876001;2014;89;4;6.528767;43.252975;3.461235529;238000
2014-876003;2014;130;6;6.448927;43.549688;17.51726709;348000
2014-876016;2014;65;3;6.634454;43.441191;5.795811348;200000
2014-876020;2014;75;4;6.754573;43.448338;2.070599257;259150
2014-876027;2014;102;5;6.748055;43.431658;0.960282087;370000
2014-876054;2014;186;9;6.766494;43.459921;2.941457394;560000
2014-876068;2014;94;4;6.657758;43.317551;0.420439862;394000
2014-876069;2014;88;3;6.552102;43.335996;4.139770859;400000
2014-876079;2014;50;3;6.562108;43.208591;1.49249597;355000
2014-876080;2014;69;3;6.578953;43.271737;0.624773469;700000
2014-876086;2014;69;3;6.57788;43.272412;0.661041775;950000
2014-876091;2014;73;4;6.549926;43.34213;4.55917255;340000
2014-876094;2014;63;3;6.611725;43.231211;2.506371793;470000
2014-876095;2014;83;4;6.528599;43.241624;3.87837236;340000
2014-876100;2014;146;6;6.578477;43.27069;0.676023144;2925000
2014-876103;2014;60;3;6.646164;43.319282;0.788223713;449000
2014-876105;2014;46;3;6.832299;43.419145;0.15667458;305000
2014-876113;2014;29;1;6.52774;43.264728;3.23809566;268580
2014-876120;2014;98;3;6.737503;43.446214;2.055561095;150000
2014-876121;2014;140;5;6.789189;43.449779;2.579862799;800000
2014-876132;2014;90;5;6.468258;43.526254;15.87110309;377000
2014-876142;2014;101;4;6.483232;43.535439;15.537523;250950
2014-876143;2014;113;4;6.525543;43.246635;3.813637807;210000
2014-876152;2014;78;3;6.808669;43.517324;6.407622464;356500
2014-876153;2014;113;4;6.634795;43.314418;0.786948632;400000
2014-876165;2014;110;5;6.755727;43.45441;2.491829936;378000
2014-876179;2014;95;4;6.525121;43.246758;3.827513239;200000
2014-876181;2014;99;3;6.525121;43.246758;3.827513239;181000
2014-876193;2014;86;3;6.603331;43.253964;1.093529009;720000
2014-876196;2014;97;5;6.75592;43.433341;1.039678185;430000
2014-876211;2014;50;3;6.869211;43.435813;0.186700638;332500
2014-876219;2014;86;4;6.646351;43.498472;7.543072647;275000
2014-876228;2014;83;5;6.581258;43.270448;0.563389728;1100000
2014-876235;2014;80;4;6.567795;43.475894;9.843211747;150000
2014-876239;2014;65;2;6.481342;43.527776;15.34863941;145000
2014-876242;2014;75;3;6.591655;43.467584;8.516875582;250000
2014-876243;2014;107;4;6.49516;43.53583;15.04663122;240000
2014-876244;2014;82;4;6.485513;43.493549;14.08876961;315000
2014-876250;2014;69;3;6.497791;43.502639;13.80999168;275300
2014-876261;2014;107;5;6.691428;43.454557;3.790525704;259000
2014-876268;2014;80;4;6.732666;43.484797;4.709585931;321400
2014-876273;2014;158;5;6.784547;43.424302;1.061657135;582700
2014-876277;2014;96;4;6.439641;43.52745;17.18420732;210000
2014-876295;2014;84;4;6.677889;43.422217;3.306477774;77000
2014-876301;2014;78;4;6.789706;43.418933;0.777408658;174000
2014-876303;2014;100;5;6.634564;43.43939;5.745018027;250000
2014-876306;2014;146;7;6.69626;43.343158;0.397560866;800000
2014-876312;2014;80;3;6.635333;43.244402;1.742051333;2800000
2014-876313;2014;65;5;6.528599;43.241624;3.87837236;340000
2014-876321;2014;93;5;6.725099;43.382753;0.529139041;150000
2014-876334;2014;102;5;6.748055;43.431658;0.960282087;412000
2014-876340;2014;43;2;6.563789;43.20802;1.458421474;227000
2014-876344;2014;110;5;6.664779;43.345039;0.917466225;443200
2014-876353;2014;45;2;6.549584;43.338413;4.348528029;450000
2014-876354;2014;138;5;6.456673;43.543927;16.97921558;340000
2014-876359;2014;90;4;6.649228;43.311752;0.420633499;670000
2014-876383;2014;112;4;6.771157;43.446647;2.090854672;344000
2014-876390;2014;53;3;6.845783;43.420483;0.349569068;455000
2014-876398;2014;58;3;6.790324;43.414589;0.51186132;299400
2014-876399;2014;90;4;6.732065;43.43406;1.377233269;382000
2014-876405;2014;89;4;6.754101;43.455281;2.550037423;420000
2014-876408;2014;96;5;6.578454;43.27491;0.606864838;175000
2014-876422;2014;108;5;6.541646;43.267106;2.51929789;590000
2014-876424;2014;26;2;6.525793;43.245138;3.857301322;90000
2014-876426;2014;130;4;6.39709;43.583344;20.95400946;205000
2014-876428;2014;77;4;6.725584;43.437542;1.760846596;295000
2014-876432;2014;135;4;6.514732;43.274407;3.813282168;480000
2014-876442;2014;77;4;6.708056;43.40859;1.676940803;362000
2014-876449;2014;83;5;6.579348;43.27048;0.644024333;980000
2014-876458;2014;79;2;6.812839;43.445282;2.088421688;385000
2014-876461;2014;80;4;6.720884;43.386554;0.713606053;370000
2014-876481;2014;79;4;6.518594;43.2556;3.860459843;403000
2014-876497;2014;105;5;6.47783;43.526758;15.46721321;150000
2014-876500;2014;115;6;6.875796;43.520161;4.091720639;390000
2014-876512;2014;105;5;6.533145;43.493037;11.92933993;291000
2014-876515;2014;130;5;6.750015;43.4511;2.268599265;460000
2014-876516;2014;53;4;6.703735;43.374914;1.53154364;255220
2014-876517;2014;137;6;6.777811;43.44228;1.917829597;371421.1
2014-876530;2014;32;2;6.579297;43.496148;10.01670737;147210
2014-876532;2014;89;4;6.56263;43.203155;1.134941965;410000
2014-876537;2014;130;5;6.71907;43.383571;0.822025731;575200
2014-876538;2014;127;4;6.693738;43.461007;4.029156117;408000
2014-876539;2014;125;4;6.780343;43.418447;0.693677499;660000
2014-876540;2014;86;4;6.646912;43.498323;7.5166288;257000
2014-876549;2014;116;4;6.676268;43.422935;3.39813346;315000
2014-876550;2014;116;4;6.676268;43.422935;3.39813346;150000
2014-876552;2014;69;3;6.580081;43.270426;0.614041486;863200
2014-876561;2014;140;5;6.739031;43.436578;1.391701072;660000
2014-876566;2014;73;3;6.754634;43.43598;1.216994746;215000
2014-876573;2014;100;4;6.677719;43.35735;1.230327597;790000
2014-876596;2014;115;4;6.764265;43.433798;1.147528388;335000
2014-876600;2014;102;4;6.585561;43.228701;2.942082487;675000
2014-876604;2014;49;3;6.647403;43.322594;0.923683256;365000
2014-876615;2014;46;3;6.720941;43.387902;0.721283782;265000
2014-876619;2014;80;3;6.474641;43.525576;15.56756056;235000
2014-876628;2014;90;3;6.784052;43.419785;0.830098513;350000
2014-876633;2014;100;5;6.732666;43.484797;4.709585931;278000
2014-876645;2014;90;3;6.692462;43.355746;1.122430841;500000
2014-876647;2014;44;3;6.646995;43.334215;1.269281496;142000
2014-876657;2014;143;5;6.634439;43.316194;0.910772795;766885
2014-876659;2014;81;3;6.646348;43.308341;0.545939283;510000
2014-876663;2014;46;2;6.561585;43.207524;1.41422212;240000
2014-876667;2014;33;2;6.648028;43.320299;0.776711642;270000
2014-876674;2014;152;5;6.554734;43.272411;1.809439608;115200
2014-876679;2014;45;2;6.768829;43.422152;0.45810367;2600000
2014-876684;2014;132;5;6.798296;43.417528;0.36319236;530000
2014-876691;2014;64;3;6.579701;43.274599;0.544895489;392000
2014-876695;2014;33;2;6.562715;43.207354;1.419985236;210000
2014-876699;2014;126;3;6.749938;43.463618;3.13183116;91250
2014-876700;2014;96;5;6.529552;43.253482;3.410353799;315000
2014-876713;2014;70;3;6.691326;43.469853;4.578590614;190000
2014-876716;2014;120;5;6.700721;43.453399;3.404121304;215000
2014-876717;2014;61;3;6.604369;43.18796;0.587271413;522500
2014-876718;2014;300;8;6.586319;43.250808;1.524236737;5880000
2014-876726;2014;79;4;6.702993;43.353359;0.649219768;380000
2014-876727;2014;72;3;6.555513;43.208321;1.405927255;400000
2014-876729;2014;124;6;6.549358;43.20806;1.393033293;850000
2014-876742;2014;112;5;6.482329;43.527497;15.29613777;290500
2014-876746;2014;42;2;6.548635;43.316418;3.203286959;180000
2014-876748;2014;97;4;6.485844;43.523356;15.00197818;236000
2014-876752;2014;160;5;6.787275;43.415131;0.506049171;780000
2014-876759;2014;70;3;6.687288;43.468949;4.656402607;241000
2014-876772;2014;73;4;6.638867;43.24942;1.469909274;874260
2014-876778;2014;60;2;6.521585;43.274124;3.468799939;209000
2014-876780;2014;149;4;6.522701;43.240574;3.934239509;455000
2014-876791;2014;90;3;6.690795;43.354151;1.042030689;540000
2014-876795;2014;105;4;6.48828;43.524961;14.95028195;325300
2014-876798;2014;53;2;6.549272;43.474706;10.63973654;141500
2014-876800;2014;87;3;6.733693;43.427139;0.948604466;260000
2014-876801;2014;30;2;6.579297;43.496148;10.01670737;115000
2014-876803;2014;26;2;6.769092;43.42587;0.713718355;110000
2014-876804;2014;91;4;6.647107;43.321897;0.892694555;2300000
2014-876809;2014;72;3;6.625103;43.327813;1.815872576;405000
2014-876823;2014;75;3;6.702231;43.535963;8.503275826;280000
2014-876841;2014;67;4;6.54792;43.210007;1.536703208;425000
2014-876854;2014;50;3;6.750481;43.447119;1.992489706;200000
2014-876872;2014;65;3;6.766596;43.462361;3.107296796;231000
2014-876886;2014;82;3;6.797467;43.451228;2.595002008;345000
2014-876891;2014;78;4;6.540681;43.251358;2.994464435;308000
2014-876893;2014;53;3;6.684619;43.342106;0.153695231;330000
2014-876899;2014;80;4;6.791708;43.425032;0.970988231;265000
2014-876902;2014;73;3;6.558192;43.476848;10.30165389;127000
2014-876907;2014;99;3;6.714739;43.380636;1.018719541;420000
2014-876910;2014;118;4;6.808622;43.446655;2.192005628;570000
2014-876915;2014;249;6;6.478807;43.321704;6.345855932;825000
2014-876932;2014;120;3;6.716639;43.397871;1.234522086;400000
2014-876937;2014;45;3;6.549146;43.338844;4.385466097;156000
2014-876939;2014;72;4;6.631175;43.306459;0.408489555;1200000
2014-876948;2014;163;4;6.625619;43.304207;0.546675078;600000
2014-876950;2014;107;5;6.445302;43.515271;16.5516086;222000
2014-876951;2014;83;4;6.449262;43.540136;17.16799738;200000
2014-876959;2014;106;5;6.799147;43.443517;2.055982659;551110
2014-876977;2014;120;5;6.548292;43.338624;4.395750462;300000
2014-876978;2014;90;4;6.755132;43.460634;2.920771654;373000
2014-876993;2014;75;2;6.757377;43.451297;2.282077202;245000
2014-877007;2014;110;5;6.75879;43.46213;3.034021229;315000
2014-877032;2014;86;5;6.581256;43.271363;0.530475942;1350000
2014-877037;2014;96;4;6.626331;43.317313;1.134276965;421600
2014-877042;2014;136;6;6.613217;43.215197;2.383978716;400000
2014-877057;2014;88;4;6.634246;43.459436;6.355884092;300000
2014-877059;2014;48;3;6.62384;43.462715;6.923784291;220820
2014-877060;2014;68;3;6.320708;43.529791;21.82576992;235000
2014-877063;2014;53;3;6.484747;43.507105;14.53241282;228770
2014-877067;2014;45;2;6.635187;43.314016;0.755824376;140000
2014-877079;2014;81;4;6.533796;43.492593;11.88656815;288450
2014-877085;2014;77;3;6.476361;43.525455;15.48795584;120000
2014-877088;2014;82;4;6.766748;43.450167;2.284221866;300000
2014-877089;2014;99;5;6.678264;43.448742;4.070058829;270000
2014-877095;2014;142;6;6.444882;43.542669;17.44525651;276000
2014-877096;2014;174;6;6.472184;43.523621;15.61183598;200000
2014-877103;2014;77;3;6.559911;43.475471;10.18194648;265000
2014-877118;2014;110;5;6.75879;43.46213;3.034021229;274000
2014-877138;2014;80;4;6.754081;43.456361;2.624664624;480000
2014-877167;2014;77;4;6.787049;43.413738;0.409116239;495000
2014-877182;2014;82;4;6.683847;43.455878;4.135899771;150000
2014-877192;2014;34;2;6.682053;43.358707;1.291648894;184000
2014-877197;2014;52;2;6.602105;43.189425;0.561732774;416500
2014-877209;2014;78;4;6.619995;43.32756;1.907344108;310000
2014-877210;2014;34;2;6.508508;43.509235;13.53779078;55000
2014-877212;2014;75;4;6.571792;43.209883;1.549430803;394039
2014-877220;2014;33;2;6.518627;43.25232;3.943618434;133000
2014-877249;2014;124;5;6.800209;43.422598;0.621748825;511700
2014-877269;2014;64;3;6.603661;43.331551;2.608217599;235000
2014-877272;2014;78;4;6.645085;43.324215;1.082081988;297000
2014-877276;2014;83;4;6.661289;43.322513;0.440727328;780000
2014-877277;2014;66;4;6.651819;43.313513;0.322483017;550000
2014-877286;2014;77;3;6.766651;43.461609;3.057070808;260000
2014-877291;2014;91;4;6.766941;43.453175;2.491408587;300000
2014-877301;2014;72;4;6.46804;43.317121;6.712777486;160000
2014-877302;2014;60;2;6.380764;43.605642;22.49579589;190000
2014-877303;2014;84;3;6.717604;43.383942;0.889594374;460600
2014-877306;2014;80;4;6.47019;43.53595;16.11546287;255000
2014-877320;2014;75;4;6.581956;43.474496;9.168187114;225000
2014-877332;2014;126;5;6.460458;43.528;16.27270109;325000
2014-877340;2014;96;4;6.439641;43.52745;17.18420732;204000
2014-877343;2014;88;4;6.539169;43.492498;11.64193486;265000
2014-877349;2014;60;3;6.732666;43.484797;4.709585931;285000
2014-877353;2014;83;5;6.484565;43.535326;15.47658872;230000
2014-877359;2014;165;6;6.703081;43.376282;1.574733915;690000
2014-877380;2014;120;4;6.642592;43.312724;0.692326292;1080000
2014-877385;2014;87;3;6.533867;43.488798;11.76404909;294100
2014-877392;2014;88;4;6.695021;43.458679;3.866324674;277000
2014-877406;2014;82;4;6.609452;43.218913;2.559208157;380000
2014-877420;2014;100;4;6.551554;43.353098;5.191959553;440000
2014-877439;2014;77;4;6.430258;43.423747;12.68097513;230000
2014-877448;2014;45;3;6.125295;43.659629;35.01692718;111000
2014-877451;2014;48;3;6.432983;43.42779;12.80524583;66000
2014-877455;2014;210;6;6.694694;43.621496;14.34490742;550000
2014-877465;2014;69;3;6.690981;43.619766;14.26778542;230000
2014-877469;2014;112;3;6.691657;43.623737;14.528286;390000
2014-877476;2014;89;4;6.760148;43.60256;12.20769942;270000
2014-877482;2014;93;3;6.688399;43.599081;12.90268438;230000
2014-877485;2014;58;4;6.051445;43.410563;20.92337876;175000
2014-877486;2014;56;3;6.317453;43.303199;11.70395608;100000
2014-877489;2014;98;3;6.554533;43.576027;14.60504008;770000
2014-877490;2014;96;4;6.766921;43.622586;13.01895171;308900
2014-877492;2014;222;0;6.362981;43.492959;18.51410314;182500
2014-877494;2014;50;3;6.062921;43.647134;36.60280059;48000
2014-877495;2014;60;3;6.223855;43.631131;30.08533993;112500
2014-877501;2014;76;4;6.127481;43.348761;16.61016703;197900
2014-877507;2014;57;3;6.038818;43.443837;22.94396434;176000
2014-877509;2014;89;4;6.282338;43.313829;13.05239033;220350
2014-877511;2014;100;4;6.349342;43.486308;18.60856933;361000
2014-877517;2014;105;5;6.120117;43.473491;25.14500391;179500
2014-877519;2014;93;4;5.936129;43.638941;34.30422505;150000
2014-877520;2014;90;4;6.072716;43.418464;21.79475261;230000
2014-877523;2014;58;3;6.088761;43.436693;22.97359753;125000
2014-877524;2014;154;5;5.906803;43.427167;20.52781989;378000
2014-877526;2014;75;2;6.070102;43.444097;23.41846247;220000
2014-877527;2014;82;3;6.748452;43.623271;13.65363102;309000
2014-877531;2014;85;4;6.227561;43.300882;12.52610599;110000
2014-877533;2014;140;5;6.22897;43.296139;12.19125842;287650
2014-877535;2014;115;3;6.2127;43.774502;36.38825201;120000
2014-877537;2014;99;4;6.33802;43.390849;14.84778404;242400
2014-877540;2014;79;4;6.365703;43.49486;18.53055687;270000
2014-877541;2014;75;4;6.139941;43.650309;34.04745921;223500
2014-877543;2014;130;5;5.747522;43.507658;23.03448536;483490
2014-877547;2014;105;4;6.131639;43.655566;34.59563823;155000
2014-877551;2014;90;4;5.865882;43.442626;20.45569956;15000
2014-877554;2014;160;3;5.862241;43.451712;20.94447405;135000
2014-877555;2014;78;4;5.811754;43.724089;38.32480697;115000
2014-877557;2014;190;5;5.918953;43.415467;20.19623913;400765
2014-877559;2014;54;3;6.311151;43.394269;16.1368265;108000
2014-877560;2014;86;5;6.084334;43.338128;16.52925384;205733
2014-877563;2014;53;3;5.915163;43.351817;15.80233589;231550
2014-877575;2014;112;4;6.13577;43.662143;34.79475025;172000
2014-877576;2014;60;3;6.156557;43.516859;27.24922438;44000
2014-877580;2014;80;3;6.302816;43.452085;18.69565294;60000
2014-877590;2014;86;3;6.227318;43.301933;12.59975732;155000
2014-877596;2014;90;3;6.314531;43.397213;16.08851106;163000
2014-877600;2014;40;2;6.361035;43.4948;18.67435825;101000
2014-877613;2014;135;6;6.288819;43.594482;26.01892383;100000
2014-877616;2014;100;4;6.22792;43.300207;12.47719458;173000
2014-877628;2014;88;3;6.353387;43.305562;11.22925553;292000
2014-877633;2014;100;4;5.81338;43.729707;38.72138285;105000
2014-877637;2014;25;2;6.060538;43.406915;20.83452348;43500
2014-877640;2014;85;4;5.880563;43.454731;21.53261647;256000
2014-877643;2014;88;4;6.230948;43.302761;12.62881102;210000
2014-877647;2014;154;5;6.784088;43.60522;11.54589864;435000
2014-877660;2014;84;4;5.860639;43.439451;20.14360866;186000
2014-877664;2014;90;4;5.791921;43.467908;20.80819628;283000
2014-877665;2014;92;4;6.684826;43.587231;12.15114236;900000
2014-877666;2014;97;4;6.469708;43.456592;13.3468394;255000
2014-877671;2014;64;4;5.851163;43.670434;35.10617114;186350
2014-877672;2014;30;1;5.9213;43.691327;37.45883448;95000
2014-877674;2014;97;4;6.359102;43.4907;18.51781401;275000
2014-877680;2014;120;5;6.143025;43.650278;33.94221841;240000
2014-877687;2014;80;3;6.120093;43.340447;16.13980028;212000
2014-877691;2014;41;1;5.922106;43.406773;19.5980498;77900
2014-877693;2014;80;3;6.125917;43.342515;16.20765121;130000
2014-877699;2014;116;3;6.317443;43.390573;15.73696136;223000
2014-877703;2014;65;3;6.320492;43.392863;15.67976296;97500
2014-877704;2014;70;4;6.32571;43.379498;15.01338296;218000
2014-877707;2014;75;3;6.740179;43.622851;13.91183747;190000
2014-877714;2014;83;3;6.30039;43.401355;16.84727533;200000
2014-877718;2014;21;0;6.568742;43.577358;14.21649453;147000
2014-877725;2014;212;7;6.065631;43.416664;21.55504205;380000
2014-877733;2014;26;2;6.732022;43.603406;12.83270644;140000
2014-877747;2014;20;1;6.18564;43.50136;25.44038618;5000
2014-877750;2014;168;4;6.172668;43.653066;33.05960626;259875
2014-877755;2014;30;2;6.150455;43.530232;28.04395177;145000
2014-877756;2014;79;5;5.798048;43.739448;39.25045564;302500
2014-877758;2014;67;3;6.063066;43.405211;20.76735535;122000
2014-877759;2014;117;5;6.237627;43.303989;12.6693735;318125
2014-877765;2014;65;5;6.15073;43.530175;28.03057709;160000
2014-877773;2014;97;4;6.223243;43.292852;12.01629056;299500
2014-877781;2014;84;5;6.504933;43.381168;8.050962707;350000
2014-877785;2014;38;1;6.313918;43.362871;15.0794147;200000
2014-877790;2014;90;4;6.08048;43.404054;20.91101214;205000
2014-877798;2014;36;2;6.09597;43.386455;19.52556761;86500
2014-877800;2014;81;3;6.04299;43.394964;19.76658517;254250
2014-877801;2014;88;4;6.033051;43.341624;16.12304626;493917.7
2014-877805;2014;32;1;5.876707;43.602998;30.96380226;185000
2014-877806;2014;79;4;6.691434;43.619773;14.26327315;225000
2014-877809;2014;50;2;6.693541;43.624888;14.58618306;140000
2014-877816;2014;108;4;6.045601;43.327445;15.4562347;120000
